smiles,latent_1,latent_2,latent_3,HBD,HBA,heavy_atoms,MW,has_heteroatoms,has_halogens,has_charges,protonatable_sites,calculation_type,cluster_id,is_cluster_center,distance_to_centroid,centroid_latent_1,centroid_latent_2,centroid_latent_3
Cn1ccc(CNc2nncn2C)c1,4.901149084123291,2.3256834495223995,-2.354882001712039,1,5,14,191.23800000000003,True,False,False,5,DFT,0,True,0.07278130624035031,4.8911667179404725,2.39032143717609,-2.3229539348190196
CCCCN1CCC(C(N)=O)CC1,-3.000307496473108,1.0456988058104368,-0.527761595267339,1,2,13,184.28299999999993,True,False,False,3,DFT,1,True,0.09361976391246421,-3.0877231861181267,1.0380403255461839,-0.49513484123091484
CCC(=O)CN,0.0108415881084798,-0.9742508912613024,1.3040878440463215,1,2,6,87.12200000000001,True,False,False,2,DFT,2,True,0.055125647075164944,0.06070978034895552,-0.9603963078851148,1.285112837126827
C=C(C)CCNC(=O)CC(C)(C)C#N,-0.7779846913095879,-4.490375585755971,2.4455514978771897,1,2,14,194.278,True,False,False,3,DFT,3,True,0.03874683413824632,-0.7858688081455854,-4.5033337108121465,2.4812060186632223
CCCCNC1CCC(N(C)C)CC1,-3.5808764182851087,-0.4504747018877214,-2.638154108916868,1,2,14,198.35399999999993,True,False,False,2,DFT,4,True,0.04176312653241491,-3.563357130401965,-0.48185774593605246,-2.6594223442947866
C[C@H](N)C[C@@H](C)NCCC(C)(C)C,-0.2804303717817801,-3.3987070947088043,-2.8410690442056725,2,2,13,186.34299999999996,True,False,False,2,DFT,5,True,0.05066881231662128,-0.2796603640056467,-3.354149259233568,-2.816958156056053
N[C@@H]1CC[C@H]2OCC[C@@H]2C1,-2.626366094143242,3.849622066142525,-0.0986200422774807,1,2,10,141.21399999999997,True,False,False,2,DFT,6,True,0.07758256611573075,-2.5690786383889597,3.7984106444043735,-0.10932481980249555
CC1(NC(=O)c2ccncc2)COC1,2.718419917488819,1.42150566248364,2.0067532119583493,1,3,14,192.21799999999996,True,False,False,4,DFT,7,True,0.029648272535305734,2.724289727522482,1.45032892540875,2.0104660153259486
O=C(O)CSC1CCCC1,-1.7738163021209656,0.8572059359474516,2.033455848804372,1,2,10,160.23799999999997,True,False,False,2,DFT,8,True,0.03628336549160351,-1.80910438505602,0.864621035026594,2.0294247050693373
Cc1ncoc1CNCCO,2.5701896761694063,-0.0807025294769844,-2.4314002645995667,2,4,11,156.185,True,False,False,4,DFT,9,True,0.014156129083258688,2.568114567790117,-0.06671109780826545,-2.4308260210139214
CC1(C(=O)Nn2ccnn2)COC1,1.0147958297885165,1.6173810489190723,0.5261871284592439,1,5,13,182.18299999999996,True,False,False,6,DFT,10,True,0.04398347543382849,1.0463325779739012,1.6136584617962524,0.5566193805980988
CCOCCN(CC)[C@H](CC)CO,-0.4923740665047371,-4.543811344947526,-3.526434600843895,1,3,13,189.299,True,False,False,3,DFT,11,True,0.030373693455373676,-0.4970246443423493,-4.523448536711315,-3.504382629942577
CCc1ccccc1CNC(=N)NC,4.174034299159136,-0.3426090800197781,0.4293513957516712,3,1,14,191.278,True,False,False,3,DFT,12,True,0.04927787102712352,4.170481605011205,-0.391726974608985,0.43111756912386173
C=CC(=O)Nc1ccc(C#N)cc1,3.581082813903441,-1.1698068268188386,2.400417213481191,1,2,13,172.18699999999998,True,False,False,3,DFT,13,True,0.011089525431421316,3.5759894670984043,-1.1794200271915862,2.3982673829736467
CCN(C(=O)CCC(C)(C)O)C1CC1,-1.5669677124417971,-2.5985652769491314,0.5805371829546851,1,2,14,199.29399999999998,True,False,False,3,DFT,14,True,0.04482371882096224,-1.531316175403668,-2.6181411005322937,0.5616978409597932
CCOC(=O)[C@@H]1CC[C@H]1C(=O)O,-2.261266770207344,-1.1735939782364713,6.381244630454814,1,3,12,172.17999999999998,True,False,False,4,DFT,15,True,0.12126659769992204,-2.1891860777377024,-1.191355071627838,6.477132612247919
CCN(CC(N)=O)Cc1occc1C,2.537064172253693,-1.6000828814073893,1.560641623043569,1,3,14,196.25,True,False,False,4,DFT,16,True,0.04698645093408769,2.518745742476625,-1.636705718262665,1.583683531006147
O=C(CNCC1CC1)N1CCOCC1,-4.488451152184931,2.7436922992242523,1.3110822965958893,1,3,14,198.26599999999996,True,False,False,4,DFT,17,True,0.03007128022266773,-4.483843534915297,2.754448726917385,1.2833811951627478
Cc1nc2cccc3c2n1CCN3,3.817022587799463,3.4966192396425337,0.1097322808978832,1,3,13,173.21899999999994,True,False,False,3,DFT,18,True,0.0498632607935042,3.799024460052021,3.481624551249597,0.1537501351680144
CC(C)NC(=O)CCNCCC#N,-0.9280462420503174,-5.633032171646494,-2.1538764132633834,2,3,13,183.25499999999997,True,False,False,4,DFT,19,True,0.009666267051828431,-0.929162662321188,-5.629873394668577,-2.162943521539997
C=C(C)CONC(=O)[C@@H](O)C1CC1,-1.9406071534754037,-3.084629016185548,2.8079817854658624,2,3,13,185.22299999999996,True,False,False,4,DFT,20,True,0.07136277707486152,-1.9443644714607484,-3.1558924359178655,2.8082131324972646
Cc1n[nH]c2cnccc12,5.8018232099572185,2.5280326603845795,-0.5300202052550345,1,2,10,133.15399999999997,True,False,False,3,DFT,21,True,0.059449191309596826,5.749148539508433,2.503007082083334,-0.541566021430826
CCCCc1nncn1[C@@H]1CCNC1,0.272092634816363,2.710066326546145,-2.3167911197927675,1,4,14,194.28199999999998,True,False,False,4,DFT,22,True,0.047079072099033656,0.24824951293990005,2.670587286365024,-2.3073386092655284
CCC1(CN[C@@H]2CCOC2)CCCC1,-4.592276425481465,3.801011626200871,-1.403516108007585,1,2,14,197.32199999999992,True,False,False,2,DFT,23,True,0.022835273570282987,-4.582942799084781,3.7809749421395575,-1.397783357433569
N[C@@H]1CC12CC(C(=O)O)C2,-1.910465106509736,1.4285865863333116,3.808738289690836,2,2,10,141.16999999999996,True,False,False,3,DFT,24,True,0.03316475216278347,-1.8970857633494629,1.454928781779635,3.7936723445931597
Nc1ncc([C@]2(O)CCOC2)s1,1.3696758978778387,3.134338286650516,-0.3560937499911538,2,5,12,186.236,True,False,False,4,DFT,25,True,0.054059505221128616,1.4073387026039117,3.114444944867871,-0.32280413903461364
COc1ccc2[nH]c(C(=O)O)cc2c1,4.90007743686676,0.7402913789441125,3.3084998445599862,2,2,14,191.186,True,False,False,4,DFT,26,True,0.03412271310475387,4.889503464879005,0.7504104419527792,3.3393244326327918
C[Si](C)(C)CN(CCO)C1CC1,-0.9963039522730616,-0.5941711760722072,-2.175454943963985,1,2,12,187.35899999999998,True,False,False,2,DFT,27,True,0.041982168576668095,-1.0183315648720295,-0.5830925801439264,-2.1414762524964277
CC(C)(O)CN1CCC(CN)CC1,-2.4121530836347818,2.259698004971973,-1.9276004384536407,2,3,13,186.29899999999998,True,False,False,3,DFT,28,True,0.0826958327715206,-2.4113964611102983,2.2566241298299974,-1.8449652185305214
CC(C)(C)OC(=O)n1cc(CO)cn1,2.197932965913129,-0.5222414261384137,0.1185618763079684,1,5,14,198.22199999999998,True,False,False,5,DFT,29,True,0.04334095387653704,2.2334733503574977,-0.4976297418542474,0.11546601565685836
CC[C@@H](C)N(OC)C(=O)CO,-0.3419803242235371,-3.24036116381136,-0.1305657142723039,1,3,11,161.201,True,False,False,4,DFT,30,True,0.011427886520227146,-0.33546167203553345,-3.243020707490596,-0.12156401491111317
Cc1cc([C@H](C)N[C@H](C)CO)nn1C,2.2171027341380025,-1.3709201885976576,-3.948176035811709,2,4,14,197.28199999999998,True,False,False,4,DFT,31,True,0.03602756555539049,2.2475440232995894,-1.3852742493570647,-3.935320129241425
OC[C@H]1CN(Cc2ccon2)C[C@@H]1O,-0.1947078941228211,4.514771302682065,-2.707690960897445,2,5,14,198.22199999999998,True,False,False,5,DFT,32,True,0.0707971992920237,-0.22090312094621659,4.4603045938702,-2.6708204964242532
C[C@@H](NC(=O)CC(C)(C)O)C(N)=O,-0.6405833592867941,-3.7359215676082655,3.3372276805600234,3,3,13,188.22699999999998,True,False,False,5,DFT,33,True,0.023852769195963817,-0.6333584640617467,-3.758653375675996,3.337084889541829
CCCC[C@@H](C)[C@H](C)NCCCC#N,-0.7875357701630759,-5.914873276387474,-7.070921615667317,1,2,14,196.33799999999994,True,False,False,2,DFT,34,True,0.14685044374416298,-0.802217939345004,-6.052250732357803,-7.120690293840353
CCCC[C@@H](C)NC[C@H]1C[C@@H](N)C1,-2.4692018278272543,-1.6354281752583044,-3.754675129908048,2,2,13,184.32699999999997,True,False,False,2,DFT,35,True,0.054721315993041315,-2.4602275087481265,-1.5818302054763294,-3.7482609537078826
C[C@@H]1CCNCC[C@]1(C)O,-1.7514665178277415,2.9876470534083905,0.1344568884708507,2,2,10,143.23,True,False,False,2,DFT,36,True,0.046840655660122736,-1.7650723001150381,2.9670336379787026,0.09465717973643938
OCCSC[C@H]1CCCOC1,-3.2173965206951056,2.920497556287014,-2.8203500991971864,1,3,11,176.28099999999995,True,False,False,2,DFT,37,True,0.059535446006291536,-3.207880845194193,2.9162549281800736,-2.761733366452384
O=C(CC1(CO)CC1)OCC1CC1,-2.1909077006433666,-0.2575931849475684,1.7088722898148223,1,3,13,184.23499999999996,True,False,False,3,DFT,38,True,0.039701705210074295,-2.175241046263914,-0.2726208433176445,1.7421130903625632
Cc1ccc([C@H](C)CNCCO)cc1,3.394994644771669,-1.0439545909312415,-2.8465674899427142,2,2,14,193.29,True,False,False,2,DFT,39,True,0.06733830445825764,3.4219642670283323,-1.1047453257378055,-2.8571303155269936
C1C[C@H](CNC2CC2)CN1,-3.706100083989547,4.457950863165292,-0.4917080914932631,2,2,10,140.23,True,False,False,2,DFT,40,True,0.06151483955487599,-3.6696717728150534,4.458988501810969,-0.4421502774123596
CNCCN(C)C(=O)Cc1ncc[nH]1,1.7368336222293683,-2.280050423084269,0.835509801249672,2,3,14,196.254,True,False,False,5,DFT,41,True,0.06180235442627062,1.7792289542091457,-2.247414829921349,0.8045730125045679
O=C1NC(=O)[C@@H]2CC[C@H]12,0.0008624270632551,1.9896904242869025,1.4005683227158243,1,2,9,125.12699999999998,True,False,False,3,DFT,42,True,0.04116426428296177,-0.004727330168139532,2.030021953971767,1.4066196846559569
C#CC(=O)NCCCC(=O)OC(C)C,-1.125161645902351,-5.59241263749964,2.7458853965982075,1,3,14,197.23399999999998,True,False,False,4,DFT,43,True,0.03333020021906384,-1.1258597871331948,-5.593037936430602,2.7792024169738596
C[C@H](O)CN[C@@H](C)CN(C)C,-0.4230955906122397,-4.168438738252026,-4.823195560934557,2,3,11,160.26099999999997,True,False,False,3,DFT,44,True,0.014519838710151637,-0.42798523061486554,-4.177256524127015,-4.83364370857308
CC[C@H](C)C(=O)N1CC[C@@](C)(CN)C1,-1.5641106998377146,-0.4793860010432278,0.5277530338473453,1,2,14,198.30999999999997,True,False,False,3,DFT,45,True,0.057036918040322133,-1.5919905576278617,-0.4586377323543738,0.5729794961847282
CC#CC(=O)N1C[C@@H](O)[C@H](CC)C1,-2.5869747688654847,1.455737216376944,0.4940421645878431,1,2,13,181.23499999999996,True,False,False,3,DFT,46,True,0.04468195107457847,-2.595975057694303,1.4876128399297088,0.5240324326085077
CCNCC(=O)NCC(=O)OC,-1.0860352552064776,-5.035852733660167,5.216021038072723,2,4,12,174.2,True,False,False,5,DFT,47,True,0.048833829525799934,-1.053162960360281,-5.019723519388817,5.183709993758302
C[C@H](NCCCO)c1ccc(=O)[nH]n1,2.2503231401285912,-0.7718667426738424,-1.7317214157901928,3,4,14,197.238,True,False,False,5,DFT,48,True,0.024067941463151245,2.2553530075108696,-0.7776806926721446,-1.7545285248969518
CCC(=O)Nc1nc(C)nn1C,2.526147281918588,-0.4257619960814448,1.2639297539039631,1,4,12,168.2,True,False,False,5,DFT,49,True,0.03859310542341046,2.5538975994355813,-0.4145825067732829,1.2883093905447587
CNCCN(C)C(=O)C1(O)CNC1,-1.2000607956227105,-1.5922044196231169,0.9357331989295954,3,4,13,187.24299999999997,True,False,False,5,DFT,50,True,0.01873901880569495,-1.1937523910156447,-1.6097923011658355,0.9371549161845506
OCCN[C@H]1CCC=CCC/C1=N/O,-0.8485539108517276,1.2488907190115492,-1.0229671316893674,3,4,14,198.26599999999996,True,False,False,4,DFT,51,True,0.059594860719988346,-0.8501639886585827,1.3075910142994545,-1.0331273682418998
COC(=O)[C@]1(C)CC[C@H](N)C1(C)C,-1.356806861469754,0.0208352603507784,2.534919340076187,1,3,13,185.26699999999997,True,False,False,3,DFT,52,True,0.05846920451021723,-1.3969869199539624,-0.010344370424639537,2.5060742122211783
Cc1coc(C)c1C(=O)NCC(N)=O,2.097057074110969,-1.662102162181454,5.326917546378686,2,3,14,196.20599999999996,True,False,False,5,DFT,53,True,0.1165567576066256,2.2024464349247936,-1.698592262965628,5.3607854207699726
O=C(N[C@@H]1CC[C@H]1O)[C@]12CNC[C@@H]1C2,-3.4882171949815213,3.2473779597707564,2.0183206516992005,3,3,14,196.24999999999997,True,False,False,4,DFT,54,True,0.059809112868274644,-3.4589989448092866,3.2985283206345177,2.0286678456410243
C#C[C@@H](C)NC(=O)NCC[C@@H](C)OC,-1.0175348392116343,-5.786784329266864,0.1001578399680158,2,2,14,198.266,True,False,False,4,DFT,55,True,0.02922075016203093,-1.0453687362594961,-5.778313447166629,0.1028727196347363
CCCCNc1nc2ccccc2o1,4.228180897441634,0.1253232780644368,-2.184241351882102,1,3,14,190.24599999999998,True,False,False,3,DFT,56,True,0.07682942018650679,4.261191474510995,0.15717443091840755,-2.1226088469061106
C=C[C@](C)(O)C(=O)N[C@H]1CCCNC1,-3.022218692014967,1.4577677718037574,2.629963503526288,3,3,14,198.26599999999993,True,False,False,4,DFT,57,True,0.06944353425085618,-3.0429041042913694,1.453977767949512,2.5637807713449257
CC(C)CN1CC[C@@H](CCCO)C1,-2.801149950586252,0.7882219973380161,-4.627280164289361,1,2,13,185.31099999999995,True,False,False,2,DFT,58,True,0.07843907405880088,-2.8559644817922907,0.7888452033924472,-4.571176090265472
CC[C@@H]1C[C@H]1NC(=O)N(CC)CC,-2.7025859745822487,-1.3423106791671908,-0.0292443673750878,1,1,13,184.28299999999996,True,False,False,3,DFT,59,True,0.0799393556511558,-2.686207615362802,-1.2876136012489101,-0.08519326904797385
CS/C=C\C(=O)Nc1ncccn1,4.284621389673262,-0.3360350304603237,2.455603230776068,1,4,13,195.247,True,False,False,4,DFT,60,True,0.018133142278667767,4.297675019136685,-0.34433922441746223,2.4650612416373585
OCC1(NCc2nc[nH]n2)CCCC1,1.228043546987606,1.9231256998589588,-0.7859480460080586,3,4,14,196.25399999999993,True,False,False,5,DFT,61,True,0.02932169248366651,1.2515664594696343,1.909772965861034,-0.77462820796813
c1csc(Cc2c[nH]cn2)c1,4.549250932346552,2.125361381727804,-0.4411351834190637,1,2,11,164.233,True,False,False,2,DFT,62,True,0.022802995090663424,4.546313673703147,2.1455173640225462,-0.45138630406514907
CC(C)[C@H](C)N(C(=O)CCN)C1CC1,-1.4896046713995914,-2.798173713607674,-0.5485970210378012,1,2,14,198.30999999999997,True,False,False,3,DFT,63,True,0.05503375080163946,-1.5350568804797886,-2.7679033135196796,-0.5554170866928907
C[C@H](C(=O)O)C(=O)N[C@H]1CC12CCC2,-2.526602184479321,-1.3402358581641527,4.44268417933284,2,2,14,197.23399999999995,True,False,False,4,DFT,64,True,0.058416074754394164,-2.505237000617993,-1.291731800114393,4.418121543867806
C=CCCCCN1CC[C@@H](O)C1,-2.9258455261411527,0.3491789157057161,-1.680079350938714,1,2,12,169.268,True,False,False,2,DFT,65,True,0.039361975052814406,-2.888985818057352,0.3424616620275217,-1.6921460614705104
CNC(=O)c1sc(NC)nc1C,2.352641842034745,-0.7679720749706824,2.290464204129936,2,4,12,185.252,True,False,False,4,DFT,66,True,0.07037829920357971,2.3077888045352,-0.7219285132224087,2.261805864202684
CC(=O)NCc1cccc(CN)c1,4.129000429156003,-0.016047483759345,1.532876597727178,2,2,13,178.23499999999996,True,False,False,3,DFT,67,True,0.018483578360904328,4.114404658869004,-0.02597913727502943,1.5383509394407775
O=C(OCCOCCO)C1CC1,-1.569971057926337,-2.282737235992,1.832688710445142,1,4,12,174.196,True,False,False,4,DFT,68,True,0.027675788273618645,-1.548185905085687,-2.268270757621369,1.823629053949019
CC#CC(=O)N1N[C@H]2CC[C@H]1C2,-1.4331790560952362,1.5092707796315532,1.169878152868853,1,2,12,164.20799999999997,True,False,False,3,DFT,69,True,0.0518095033369082,-1.4768512705827526,1.5371415392947978,1.1703060238390393
CC(=O)N[C@H]1CCc2[nH]ncc2C1,0.6331614240772552,1.911694761428044,2.8332795845215784,2,2,13,179.22299999999998,True,False,False,4,DFT,70,True,0.035884012410753,0.6498334017971592,1.889542107958376,2.8104987274293856
C1CO[C@H](C[C@@H]2COCCN2)C1,-4.619919267921675,6.410009065103794,-1.2770265620920167,1,3,12,171.23999999999998,True,False,False,3,DFT,71,True,0.06120608953759458,-4.61124889494432,6.354854099008789,-1.2519478909953166
O=C(CC1OCCO1)NC1CCCC1,-5.539429061926698,3.8412780156784025,1.9511081194167297,1,3,14,199.24999999999997,True,False,False,4,DFT,72,True,0.18578442515696278,-5.50561838872958,3.6754267499197146,2.0276982536058137
CC(C)OCC(=O)N[C@@H]1CC[C@@H](C)C1,-3.366321646565782,-0.39396381347296,2.140872906357009,1,2,14,199.29399999999998,True,False,False,3,DFT,73,True,0.0714525788251342,-3.328077274060667,-0.3978456175584626,2.2011038833496976
C[C@@H](CO)NC(=O)c1cncnc1,3.723443912616784,-1.377601307901923,-0.0008115240653786,2,4,13,181.195,True,False,False,5,DFT,74,True,0.04984188631679962,3.7049155748433775,-1.333075432024747,-0.013395669183012507
NC(=S)NNc1nccs1,2.6606908538117184,0.7103506464773003,0.7019055409186027,3,4,10,174.25400000000002,True,False,False,4,DFT,75,True,0.035785586087634845,2.678693447002218,0.7042702760873095,0.6715815585618371
CC(C)[C@H](C)NC[C@@H](CO)CC1CC1,-1.9334262644820808,-2.528086241389241,-4.543055110253884,2,2,14,199.33799999999997,True,False,False,2,DFT,76,True,0.0430501029882755,-1.9619061853557178,-2.4960337976845617,-4.546908203412745
C=CCCN1CCC(NC(C)=O)CC1,-3.893162488004328,0.1080394751900953,1.1124415818042763,1,2,14,196.29399999999995,True,False,False,3,DFT,77,True,0.043822900157230886,-3.8776323571932005,0.11414311956601875,1.0719198945181803
CCCN(C)C/C=C(/C)C(=O)O,-0.4137736825952629,-3.452642746278459,0.8427889783381091,1,2,12,171.23999999999998,True,False,False,3,DFT,78,True,0.03574147595019477,-0.4169303545515077,-3.4579176128873277,0.8779978452258357
N#CCc1nc2ccc(O)cc2[nH]1,4.227521661007031,1.1567279096008032,-1.3123332668452188,2,3,13,173.175,True,False,False,4,DFT,79,True,0.04001885713482152,4.188603810423914,1.1477505350673742,-1.3098199863487328
CC1CC(Nc2ncncc2C#N)C1,1.904669743050861,2.6268429572068484,-1.6294728643592495,1,4,14,188.23399999999998,True,False,False,4,DFT,80,True,0.06891300924500555,1.973500763102062,2.629534835844101,-1.6274610712993929
C[C@@H]1C[C@H](NCc2cocn2)CO1,-0.8001442105757592,3.6034400904491286,-1.5754442577821774,1,4,13,182.22299999999998,True,False,False,4,DFT,81,True,0.04689988175575447,-0.7985190360718017,3.6499763205624527,-1.5698463114288095
O=C1CCC2(CCNC2=O)CC1,-0.1877111512177375,3.019799206431775,2.233157600665631,1,2,12,167.20799999999997,True,False,False,3,DFT,82,True,0.10250046634508628,-0.12775608421345064,3.0865705957035057,2.183626629383062
C1CCN2[C@H]3C[C@@H](CN3)N2C1,-2.701224877419813,5.003815298601695,-0.1117805566712331,1,3,11,153.22899999999996,True,False,False,3,DFT,83,True,0.04778097828192319,-2.727637271351207,4.982472312035002,-0.07816680566358077
CCOC(=O)C/C=C1\CCNC1,-0.3668080065309111,-0.4938823549454139,2.801045707214597,1,3,12,169.224,True,False,False,3,DFT,84,True,0.06291808196402188,-0.3239434257113719,-0.5264960866789122,2.8335673500330643
CCn1cncc1CNCCC1CC1,0.3611623510488582,1.2740710445250572,-2.9823399482852344,1,3,14,193.29399999999995,True,False,False,3,DFT,85,True,0.12173017696938075,0.4701295429940563,1.3281750514362405,-2.9864804193610586
Cc1nccnc1NC[C@@H](C)C#N,4.318642534804052,-0.4958264004150489,-3.1206315658965558,1,4,13,176.223,True,False,False,4,DFT,86,True,0.043734075559127165,4.309393193396841,-0.5337133748392766,-3.1008402491762816
C[C@H](CN)C(=O)NCCCN(C)C,-0.7950768402879261,-4.852883274487755,-0.3802360906959055,2,3,13,187.28699999999998,True,False,False,4,DFT,87,True,0.02897075951253107,-0.7698569012777372,-4.839217746995577,-0.38429970256415774
CC(=O)N[C@H](C)C(N)=O,-0.3568406116341551,-2.509389009297841,3.577836107353465,2,2,9,130.147,True,False,False,4,DFT,88,True,0.05130023044961955,-0.38650687123483757,-2.5092777331155762,3.6196883988450934
C=CCCSc1n[nH]c(CO)n1,2.0265143622082515,-1.4275918446256353,-0.6869814662452611,2,4,12,185.25199999999998,True,False,False,4,DFT,89,True,0.02443650838299683,2.0491860511492175,-1.430377544575483,-0.6956634785872113
C=CCCCNC[C@H](O)COCC,-1.0697018918022865,-6.339174825041965,-3.2105304649356774,2,3,13,187.28299999999996,True,False,False,3,DFT,90,True,0.03755572091678426,-1.057119794830134,-6.372771366435481,-3.2216388138569396
C[C@@H]1C[C@@H]1CN[C@H](CO)C1CC1,-3.3675162934040808,0.7571178304571529,-2.868958032801704,2,2,12,169.26799999999997,True,False,False,2,DFT,91,True,0.049739140960245495,-3.331097951735336,0.7253884733947932,-2.857086451863555
O=C(O)Cn1c(=O)oc2ccccc21,3.198157270484136,1.2754051790264598,3.379574869274552,1,4,14,193.15800000000002,True,False,False,5,DFT,92,True,0.03987576431421946,3.174802087601681,1.3076443598723286,3.3772841858486675
Cc1ccsc1[C@H](O)C(C)(C)CN,3.0582552888308934,-0.047665488673644,-1.201045651633559,2,3,13,199.31899999999996,True,False,False,2,DFT,93,True,0.0579278624226061,3.0797773396643477,-0.004194856341912689,-1.1693795388715855
CCCCN(C)CCCN,-0.2606094195844881,-3.3994879261556723,-3.962728117854409,1,2,10,144.26199999999997,True,False,False,2,DFT,94,True,0.041498610622656217,-0.2621659883170029,-3.3764156563941343,-3.9282697060302607
CC[C@@H]1C[C@H]1CNC(=O)c1cn[nH]c1,0.3265304522026587,0.8351110128294273,1.906525776946369,2,2,14,193.25000000000003,True,False,False,4,DFT,95,True,0.028569998704078524,0.30058021262369405,0.8239451867189135,1.9022650001374817
C#CC1(O)CN(C(=O)OC(C)(C)C)C1,-1.2625637624650414,-0.8580429784188807,1.6371799878865738,1,3,14,197.23399999999998,True,False,False,4,DFT,96,True,0.035295951182595514,-1.244172362346427,-0.8876602436252348,1.6426916276841004
CC(C)(O)CSCC1(C)COC1,-0.676464118705615,0.0313553162004023,-0.8682790927169437,1,3,12,190.308,True,False,False,2,DFT,97,True,0.010782969616298654,-0.6819707684389882,0.022176436820189716,-0.8695819418192839
CCCC[C@]1(C)NC(=O)NC1=O,0.3579242188045719,-0.4011394027743903,0.0435751551724003,2,2,12,170.212,True,False,False,4,DFT,98,True,0.059948846601724844,0.36909024325029416,-0.3505541889310968,0.07374666901216209
CC[C@]1(CO)CCCN1CCC(C)C,-1.5165929516894234,-0.8961643477124446,-3.3427810555722592,1,2,14,199.33799999999997,True,False,False,2,DFT,99,True,0.025976622166611115,-1.510543555329006,-0.8901824681533091,-3.3182370783109953
C[C@@H](O)CN(C)[C@H](C)C1CCCCC1,-2.80865044768113,-0.3047780435074491,-3.6209174371470607,1,2,14,199.33799999999994,True,False,False,2,DFT,100,True,0.016814471945107046,-2.8025741344156403,-0.31876439081470453,-3.628001713602229
CC(C)C[C@H](CN)N1CCCCC1,-2.1208909567041925,1.207131388825857,-2.3699674496433394,1,2,13,184.32699999999994,True,False,False,2,DFT,101,True,0.0630565032056571,-2.1443595276073375,1.1874239075566826,-2.3148587937142184
C[C@H]1[C@@H](O)CCN1C(=O)CCN,-2.551011948228608,1.5807469838157893,1.607425129530536,2,3,12,172.22799999999998,True,False,False,4,DFT,102,True,0.028791216139712927,-2.535799518404395,1.5591331394322436,1.6188425651712974
C=C(CC)CNC(=O)c1ncnn1C,1.9927491650263185,-1.6176911981751023,2.6787722765265345,1,4,14,194.238,True,False,False,5,DFT,103,True,0.056031144331148586,1.9465625950736136,-1.6314855630427605,2.707338084566214
Cc1ccc(CNN)o1,2.6231109660733662,1.0919620671654136,-0.6027238582616188,2,3,9,126.15900000000002,True,False,False,3,DFT,104,True,0.06219550603962986,2.5980064912524288,1.0978878787102428,-0.6593183020969081
Nc1nccc(NC2CCCC2)n1,1.1758870844890523,4.124355721234977,-0.7021749913485404,2,4,13,178.23899999999995,True,False,False,4,DFT,105,True,0.052759536774871656,1.1648881347375206,4.159678808303076,-0.7397897669698551
Cc1ccccc1CNC(=O)C(=O)O,4.057164210483038,-0.5089847398334177,3.5865299998805127,2,2,14,193.202,True,False,False,4,DFT,106,True,0.09337992593706047,3.985822262915456,-0.5029808149420889,3.6464807294104733
CC[C@H](C)C[C@H](C)NC1CCOCC1,-3.767229531233719,0.3900476369535533,-3.910079099725065,1,2,14,199.33799999999994,True,False,False,2,DFT,107,True,0.06973789020703043,-3.818035888522918,0.4013592978097861,-3.8636664536229124
C=CCOCCN[C@H](C)[C@@H](C)O,-0.5577733251164471,-4.349646884385218,-2.100181299116449,2,3,12,173.256,True,False,False,3,DFT,108,True,0.03474966860550397,-0.5609869203466141,-4.351742983419319,-2.065644092473059
C[C@@H]1C[C@H]1NC(=O)[C@@H]1NC[C@@H]2C[C@@H]21,-4.289540336372604,3.3489504049847385,2.7831452231741616,2,2,13,180.25099999999998,True,False,False,3,DFT,109,True,0.1174044241467714,-4.361182400401322,3.329617539071111,2.874125736288266
O=C1NCCC2(CCOCC2)O1,-1.574477851556872,4.016412630581464,0.880777883629981,1,3,12,171.19599999999997,True,False,False,4,DFT,110,True,0.07563912206917421,-1.6274947847243526,4.06966390076211,0.8894256468701632
O=C(NC1CN(C(=O)O)C1)C1CC1,-3.644382681359616,1.3053513552664031,5.376877392488186,2,2,13,184.195,True,False,False,5,DFT,111,True,0.1406323566218317,-3.5473871767766445,1.2739230252417517,5.280018774432969
C[C@H]1C[C@H]1C(=O)NOCCC1CC1,-3.904812466292587,0.7122236404456562,2.2187659264930444,1,2,13,183.25099999999995,True,False,False,3,DFT,112,True,0.01479332892070101,-3.898197533941852,0.7254543087084001,2.2189521195983777
CC(=O)N[C@H](CC1CC(=O)C1)C(=O)O,-1.0769800702226475,-1.671102285775641,5.065181233232995,2,3,14,199.20599999999996,True,False,False,5,DFT,113,True,0.07388599974826583,-1.0470422182059886,-1.6099266516026804,5.0365384722109585
O[C@@H]1CCN(CC2CCCCC2)C1,-5.9023164574542255,6.754687057121323,-2.157818987375785,1,2,13,183.29499999999993,True,False,False,2,DFT,114,True,0.07598505622038261,-5.8762708451038455,6.742310652842239,-2.0875183510825828
COc1c(N)cccc1C1CC1,3.380942364162965,1.9931926300193528,0.4527775822089484,1,2,12,163.21999999999997,True,False,False,2,DFT,115,True,0.07104722092026655,3.3617125615177765,2.061553504099046,0.4506065949264907
C[C@@H](CN(C)CC1=CCCC1)C(=O)O,-0.0353629623540579,-2.0129443209616515,-0.0185617802759633,1,2,14,197.27799999999996,True,False,False,3,DFT,116,True,0.0447374397856475,-0.07595330799935918,-2.031744788903135,-0.017925569500623295
CCOCCN[C@H](C)c1cccs1,1.9507033351935148,-2.099003699701162,-1.810847621177652,1,3,13,199.31900000000002,True,False,False,2,DFT,117,True,0.08169791261962979,1.8897104290738511,-2.139980597180024,-1.8465590787576696
CCOC(=O)c1[nH]ccc1C=O,2.5617656697530986,-0.8687586144029033,3.787998349101192,1,3,12,167.164,True,False,False,4,DFT,118,True,0.10509545171096457,2.4769064242768324,-0.8103168083824707,3.8086990190565486
CCCCCN(C)CC[C@@H](C)O,-0.638872627137033,-5.004834276479474,-5.835140149806518,1,2,12,173.3,True,False,False,2,DFT,119,True,0.0363765172760316,-0.6417415198420289,-4.972545719839254,-5.851646802219166
CC#CCCNC(=O)OCCC,-0.5791735783990701,-4.154250508710361,0.1845223509293472,1,2,12,169.22399999999996,True,False,False,3,DFT,120,True,0.03469107320486472,-0.5767432857826799,-4.122195002407343,0.17148361043951532
CC(C)CNN=C1CCCC[C@H]1C,-1.4685572927543449,0.3311322088529738,-1.8168415751503293,1,2,13,182.31099999999998,True,False,False,2,DFT,121,True,0.06196732931130451,-1.4703160462344895,0.3613542504576983,-1.7627723150350472
CC1(C)CN[C@@H](C(=O)O)COC1,-1.8959336637680224,1.8345381926823905,2.632253220567689,2,3,12,173.21199999999996,True,False,False,4,DFT,122,True,0.04077515769105993,-1.8964101804127824,1.8619785372769297,2.6020967303018936
C[C@H](C(N)=O)N1CC[C@@](C)(CN)C1,-0.9437562065926296,0.1531801521943397,1.3906409993137017,2,3,13,185.27099999999996,True,False,False,4,DFT,123,True,0.08912543276969583,-0.9216633845049396,0.17364579972352795,1.4745242947294057
O=C(O)c1cc2n(n1)CCN2,2.1569541717761656,2.1008195117372206,3.026405351350561,2,4,11,153.14100000000002,True,False,False,5,DFT,124,True,0.03853693674133864,2.159739226253113,2.128341943818976,2.999575243313665
CCCN1CC[C@H](NC[C@@H]2C[C@@H]2C)C1,-4.724564546559889,3.316675791558874,-2.7559272628899567,1,2,14,196.33799999999997,True,False,False,2,DFT,125,True,0.10916794669320326,-4.771895263371705,3.4149904812957965,-2.752511766846563
C=CCNC(=O)/C=C\C(=O)O,-0.9213579968090478,-4.521860940529449,6.793934072049556,2,2,11,155.15299999999996,True,False,False,4,DFT,126,True,0.03741853115415102,-0.9520265149519106,-4.50094087488378,6.798618015050484
CC(=O)CN(C(=O)C(N)=O)C(C)C,-0.6243614245026449,-3.721964496972286,4.7714212806502,1,3,13,186.21099999999998,True,False,False,5,DFT,127,True,0.03135010036878431,-0.6333879771409616,-3.7105489773306592,4.743653744715008
C=C(C)CCC(=O)N1CCC(O)CC1,-3.1574416411346338,0.3933137395668779,3.7179792280674544,1,2,14,197.27799999999996,True,False,False,3,DFT,128,True,0.0829714619879957,-3.202601332185746,0.429344731763059,3.777532846009207
CNC(=O)c1cnc(C(=O)O)cn1,3.923132671042603,-0.7166180566027804,5.434977940097053,2,4,13,181.151,True,False,False,6,DFT,129,True,0.10892253168573925,3.873747026495773,-0.7384445784618054,5.529575926148884
OC[C@]12C[C@H]1[C@@H](O)[C@@H](O)[C@H]2O,-1.6788189609611066,2.09141217061489,-0.6537529848894306,4,4,11,160.16899999999998,True,False,False,4,DFT,130,True,0.057416199731322524,-1.7226099854169474,2.1284419464802955,-0.6565389978206444
CNCCN(C)Cc1cncn1C,2.187952776741821,-1.1405254117476875,-2.7981778762101275,1,4,13,182.271,True,False,False,4,DFT,131,True,0.01732204447561912,2.170818739052273,-1.1425646204560973,-2.796654851222805
C[C@H]1CN(Cc2ccon2)C[C@@H](C)N1,0.5035289772739422,4.136379215599438,-1.6932526553166451,1,4,14,195.26599999999996,True,False,False,4,DFT,132,True,0.0488884918945583,0.49259618311424636,4.088912474093326,-1.6974320215817615
CNS(=O)(=O)CCNC(=N)N,-0.2649365937331603,-1.928405740562088,2.3246606663634166,4,3,11,180.233,True,False,False,6,DFT,133,True,0.05854591602402826,-0.22738877022606782,-1.9612165195265638,2.2939810637467413
CC[C@@H](O)CNC(=O)CC1CC1,-2.5896372045215013,-2.420937958825291,-0.5780210080557052,2,2,12,171.23999999999998,True,False,False,3,DFT,134,True,0.06259126407534157,-2.647220537852171,-2.4027513988904756,-0.5615566496164743
CC#CCCNC(=O)N[C@@H](C)C1CC1,-2.189484383759796,-3.6082965022552234,-0.1166421681962928,2,1,14,194.278,True,False,False,3,DFT,135,True,0.03893626574618285,-2.1513701398226344,-3.605662151332121,-0.12415198807228507
CC[C@@H]1CCC[C@@H]1NC1[C@@H]2CNC[C@@H]12,-4.960016914715585,4.679067901116273,-0.7810523246265058,2,2,14,194.322,True,False,False,2,DFT,136,True,0.037309413720825815,-4.98844243976052,4.6789186931532285,-0.7568870682633864
CCONC(=O)C1CCC(C)(C)CC1,-2.4875257164089977,-0.6246331897120065,3.0505360614101407,1,2,14,199.29399999999995,True,False,False,3,DFT,137,True,0.06526456720508901,-2.485870947183407,-0.5604986834162262,3.0385573063214792
CC[C@H](CO)NC(=O)C[C@H](C)OC,-0.9636963473256904,-5.664868358401991,-0.9949124433829148,2,3,13,189.25499999999997,True,False,False,4,DFT,138,True,0.03684865609591594,-0.9692827544073439,-5.629716625517152,-1.0044503250757262
CC(C)(C)CCN[C@@H]1CCCOC1,-3.960784234442396,2.59339334450972,-1.7208226788016865,1,2,13,185.31099999999995,True,False,False,2,DFT,139,True,0.033960197725098666,-3.967277689825441,2.5602963406317105,-1.7247873226715968
O[C@@H]1COC[C@H]1Nc1cnccn1,2.000107297595801,4.519171805747367,-1.6330718167963072,2,5,13,181.195,True,False,False,5,DFT,140,True,0.022677437995092233,1.990432334474045,4.507069805179997,-1.6165127448150247
Cc1ccc(Cc2ccccn2)cc1N,8.233507090969455,3.0241207355378457,-0.6653745559149566,1,2,15,198.269,True,False,False,2,DFT,141,True,0.0786887689288178,8.181756586929223,2.9706279782330407,-0.639833753205487
CC[C@@H]1CO[C@@H](C)CN1C[C@@H](C)O,-3.289196146326491,2.079341666629192,-3.983405276798145,1,3,13,187.283,True,False,False,3,DFT,142,True,0.0997476140221922,-3.29197595750296,1.9838554500332855,-3.954695668769769
COC(=O)N[C@@H](C)c1nccn1C,1.8553355974071533,-1.1796455098324936,1.1971849270008958,1,4,13,183.21099999999998,True,False,False,5,DFT,143,True,0.044969520784933596,1.816137013571454,-1.2015300535203735,1.199791758885678
CC[C@@H](N[C@@H](C)CN)c1ccsc1,1.8730173228123284,-2.073095984289328,-3.235279324165656,2,3,13,198.33500000000004,True,False,False,2,DFT,144,True,0.060734227648247215,1.8631105225280251,-2.065074327285022,-3.294660758428069
C[C@@H](CCCO)NCc1cn(C)cn1,2.153411206429024,-1.4582389114544994,-5.082504232132159,2,4,14,197.282,True,False,False,4,DFT,145,True,0.0283491028292754,2.128965321704929,-1.4492636786265582,-5.071300860007422
CN(CCN)C(=O)C[C@@H]1CCC[C@H]1N,-2.720079336305328,-0.2953633009806974,0.8525985517952986,2,3,14,199.29799999999994,True,False,False,4,DFT,146,True,0.02715877016956793,-2.737357732001717,-0.29748470590586473,0.8317525574456422
CCCCN(C)C(=O)C(C)(C)CN,-0.5341574459497067,-4.027369482904664,-0.8685818253319288,1,2,13,186.29899999999995,True,False,False,3,DFT,147,True,0.026987540095945516,-0.5137244002155589,-4.010763579393779,-0.8745031369301871
O=C(N[C@H]1CCOC1)[C@]12CNC[C@@H]1C2,-4.301459650350449,4.349976640959078,1.7560902552040998,2,3,14,196.25,True,False,False,4,DFT,148,True,0.1275859843690781,-4.369265126401232,4.410210391929137,1.8458259563995003
C[C@@H]1CC[C@H](C(=O)O)N1CC(N)=O,-2.116668652181118,0.3656981955533044,5.373933018411167,2,3,13,186.21099999999996,True,False,False,5,DFT,149,True,0.13268410179724346,-2.0514701529163153,0.2751105853720477,5.302182677331786
CC1CCC(CN2CC[C@H]2CO)CC1,-5.20784377580716,4.952618968028358,-2.553261741936011,1,2,14,197.32199999999997,True,False,False,2,DFT,150,True,0.20302561734962227,-5.368405658455131,5.035770472979483,-2.460930217714338
COC(=O)[C@@H]1C[C@@H]1C(=O)NC(C)C,-2.2630970992015587,-2.493091592834608,5.563303781772629,1,3,13,185.22299999999998,True,False,False,4,DFT,151,True,0.07790283580429372,-2.195273757555086,-2.5313585163610535,5.565422441272822
Nc1ccc(OCC2CC2)cc1,2.278171566830791,2.35122772635335,-0.0714392975290462,1,2,12,163.22,True,False,False,2,DFT,152,True,0.045315609867294875,2.2689695693671585,2.3324911054755932,-0.11166076913821756
C=C/C=C/CCNC1CCN(C)CC1,-2.3711570459227467,0.1651269564567614,-0.1578435308934382,1,2,14,194.32199999999997,True,False,False,2,DFT,153,True,0.04354110726196658,-2.334152633393012,0.14706800907789275,-0.1719989501558456
Cc1cc(NC(=O)c2ncc[nH]2)[nH]n1,6.03778811553127,1.6816059724121926,2.496744200227821,3,3,14,191.19400000000005,True,False,False,6,DFT,154,True,0.04728747551561285,6.062067246472994,1.7184144819254046,2.513825264854187
COCC(=O)OC[C@@H]1CCCNC1,-2.451598558980687,0.5714002156429181,2.788970974321761,1,4,13,187.23899999999995,True,False,False,4,DFT,155,True,0.05190189965012623,-2.418325506351171,0.609698172979448,2.778017544728497
C[C@H](O)C(=O)NOCc1ccccc1,3.745781240933277,-1.0178575155573018,1.299124351185984,2,3,14,195.21800000000002,True,False,False,4,DFT,156,True,0.043236419901940264,3.785783893536728,-1.0342412836594241,1.2999891826148626
Cn1cc(NC(=O)N2CCCC2)cn1,0.8607284598789231,2.922007245515191,1.3769701267938488,1,3,14,194.23799999999997,True,False,False,5,DFT,157,True,0.06626921646235037,0.9001880706739857,2.9108867874249,1.429036272976355
C=C[C@H](C)NC(=O)COC1CCCC1,-2.797202317494253,-2.0111758359752154,2.7905440558220262,1,2,14,197.27799999999993,True,False,False,3,DFT,158,True,0.08485760941008749,-2.8216829942975528,-1.9322688305752385,2.7711741090782853
C=CC(=O)NCCCC(=O)OC(C)C,-1.3496616564104855,-6.066427580460937,4.126016656698104,1,3,14,199.25,True,False,False,4,DFT,159,True,0.0857829878840416,-1.359678343493385,-6.062602425161987,4.211126909765145
C=CCNC(=O)C[C@@H]1C=CCC1,-1.530165944553492,-1.7880059539118005,3.508723486446263,1,1,12,165.23599999999996,True,False,False,2,DFT,160,True,0.077457908318279,-1.5197929135042578,-1.840317293888877,3.452548300663773
NCc1nnc2n1CCOC2,0.6220120503828989,2.885682475919181,-1.1270984758246656,1,5,11,154.17299999999997,True,False,False,5,DFT,161,True,0.07172020202669005,0.6221684781973954,2.814335531433418,-1.1197925589326163
CC1(C)CC[C@H]1N[C@H]1C[C@@H](CO)C1,-3.089600237624864,2.2800326620989546,-0.7194217545241453,2,2,13,183.295,True,False,False,2,DFT,162,True,0.05085088546645804,-3.1335327112773204,2.258534238352039,-0.7333346294210574
O=c1cc([C@H]2CCCO2)nc(CO)[nH]1,0.003942948640129,3.836038099023237,-0.4488443313932758,2,4,14,196.206,True,False,False,5,DFT,163,True,0.07375592736504516,0.06127770539040828,3.8571083950857914,-0.40750784492308306
O=C(NC1CNC1)N[C@H]1C=CCCC1,-3.052760554819476,2.4660974924350225,3.367005535723347,3,2,14,195.266,True,False,False,4,DFT,164,True,0.0959523251620357,-3.009873646066865,2.39522616088211,3.4154288371965364
OCCCN(Cc1ccoc1)C1CC1,0.96947830707589,0.1147907208537041,-2.8629724326607984,1,3,14,195.26199999999997,True,False,False,3,DFT,165,True,0.05937592141204272,1.0219079085658271,0.12278971131631333,-2.889667995638839
COC[C@@H](C)N(C)C[C@H]1C[C@@H](O)C1,-2.2647456802472425,-1.1001346133881016,-2.4810294279138194,1,3,13,187.28300000000002,True,False,False,3,DFT,166,True,0.07182120995490372,-2.2894922716424677,-1.1651448345040354,-2.498905768819092
CC[C@@H](O)CN1CC(O)(C2CC2)C1,-2.271876240106837,0.8289662568879805,-3.367792728244418,2,3,13,185.267,True,False,False,3,DFT,167,True,0.08281237365220279,-2.224023650946856,0.7899869314638336,-3.4230071387735235
CC(C)(C)NCC(=O)OC(C)(C)C,-0.4477126194780308,-3.3224952772875325,2.219687505831334,1,3,13,187.283,True,False,False,3,DFT,168,True,0.05399628231426002,-0.46559797594159547,-3.325483828155291,2.168827097932426
C1=C(CNc2nccs2)CCC1,3.308137264294165,2.151874034124956,-0.8428425843257075,1,3,12,180.27599999999995,True,False,False,2,DFT,169,True,0.10819388451322429,3.241799943065006,2.214611511074228,-0.900888130616873
CCCCC[C@H](C)N1C(=O)CNC1=O,0.1112596615012713,-1.366436138993498,-1.4137884694251488,1,2,14,198.266,True,False,False,4,DFT,170,True,0.03587883371949611,0.14272705571772926,-1.3511019377862055,-1.405917250737325
CN(CCO)C(=O)CC1CCCC1,-3.65363639364128,-0.3557953702290126,-0.2858541240456528,1,2,13,185.26699999999994,True,False,False,3,DFT,171,True,0.08888149944323802,-3.573207864246854,-0.378691937160899,-0.31596923363306617
C[C@@H](NC(=O)c1ccon1)C(=O)O,1.6884444404470924,-2.0013864570346964,4.059334208523103,2,4,13,184.15099999999995,True,False,False,6,DFT,172,True,0.030021547262877455,1.6737056609262546,-2.008329399100979,4.034117998781003
C#CCCN(C)CCCNC(=O)CC,-1.2790238931010325,-6.694012168540279,-0.9652825096847985,1,2,14,196.29399999999998,True,False,False,3,DFT,173,True,0.054632773860993876,-1.2675532330982144,-6.703202039698975,-1.0179010445079273
C#CC(=O)N[C@@H](C)CCc1ccco1,1.6270849220965544,-2.573390149498354,-0.4440501532167065,1,2,14,191.23,True,False,False,3,DFT,174,True,0.08373741422211523,1.6030410363842909,-2.606871779639705,-0.3711610144953615
N[C@H]1Cc2ccc(O)cc2[C@H]1O,2.544238427169314,3.073051242953521,0.6466003323559898,3,3,12,165.19199999999998,True,False,False,3,DFT,175,True,0.09105004229201251,2.5582220814525254,3.14351108357352,0.702546542898521
CCOC(=O)c1[nH]nc2c1CCCC2,1.4779753733391678,0.5563291178361138,2.9250655482485923,1,3,14,194.23399999999995,True,False,False,4,DFT,176,True,0.04617571100859154,1.4740651417696036,0.5619874715250819,2.879404959008506
CCCCCOc1ccccc1CN,3.81324141502892,-0.9323367003922486,-1.8441374003458748,1,2,14,193.28999999999996,True,False,False,2,DFT,177,True,0.059763157428176304,3.8406796066110958,-0.9407117833293076,-1.7917099398477525
C[C@H](N)C(=O)N1CCO[C@@H]2CCC[C@@H]21,-3.087035880900668,2.3953384035601486,0.8823304046361777,1,3,14,198.26599999999996,True,False,False,4,DFT,178,True,0.04204344403933913,-3.0694094406295416,2.433111913540715,0.8768420775863831
CC1(C)C2=CCCC[C@H]2CC/C1=N/O,-0.7036333665147602,2.2655345568062506,0.1120347407819837,1,2,14,193.28999999999996,True,False,False,2,DFT,179,True,0.07480716801374875,-0.7191024506419094,2.222168796784889,0.05307517259942235
CCn1ccnc1CN[C@H]1CC1(C)C,1.0035974572290576,1.415729263190115,-1.673591309125106,1,3,14,193.29399999999998,True,False,False,3,DFT,180,True,0.0803546089645483,0.9382103816598929,1.443122010957961,-1.7114202781843466
CC[C@@H](C)C[C@H](N)O,0.0243697302608131,-2.118805808303432,-2.717997015728768,2,2,8,117.192,True,False,False,2,DFT,181,True,0.05397153067003292,-0.010606644518879882,-2.1567720761122233,-2.733749534219723
CC(=O)N[C@H](CNCC(C)C)C1CC1,-2.139300796483508,-3.630392545051145,-1.533408020574094,2,2,14,198.30999999999997,True,False,False,3,DFT,182,True,0.013703126593423832,-2.1487949937092097,-3.6234352502275984,-1.5404245686009466
O=C(O)CC[C@@H]1CNCCO1,-2.654501850638036,2.6064075311873243,2.14644494001865,2,3,11,159.18499999999997,True,False,False,4,DFT,183,True,0.05928380406033963,-2.6885095544692277,2.6015995964498164,2.1947660458374796
COCCN1C[C@H]2CCC[C@]2(N)C1,-2.0140439195877256,1.1386496583902794,-1.2389990167893123,1,3,13,184.28299999999996,True,False,False,3,DFT,184,True,0.04985785884203832,-2.038963038140285,1.1593934061324234,-1.2011236877678186
CC1CC(CN2CC[C@H](CN)C2)C1,-4.242791364975821,4.943699537894002,-1.7865818655119483,1,2,13,182.31099999999998,True,False,False,2,DFT,185,True,0.10323135923304194,-4.168452106616433,4.886672712144512,-1.7432421684593045
CCCCOCC(=O)N[C@H]1CC1(C)C,-2.0097774164126334,-3.48625668945595,1.3291105963870529,1,2,14,199.29399999999998,True,False,False,3,DFT,186,True,0.06645623870469831,-2.0580203076671815,-3.4958993628856474,1.373788039860308
CC(C)N1CCN(C(=O)CCN)CC1,-2.101964720178818,0.5745130942829912,1.0041949384680984,1,3,14,199.29799999999994,True,False,False,4,DFT,187,True,0.058168822403433275,-2.0781992118367265,0.526720889730467,0.9810709747712357
Cn1cnnc1NCc1ccccc1,6.781072205381497,2.699429474521559,-1.4037911448130955,1,4,14,188.23400000000004,True,False,False,4,DFT,188,True,0.041242019201084765,6.755876029270545,2.6763853913523246,-1.4269217973775599
CCc1c(N)cccc1OC,4.997718573769859,0.8899646727797037,0.0868689826628779,1,2,11,151.20899999999997,True,False,False,2,DFT,189,True,0.05018695728700592,4.971727209278092,0.9116055527304566,0.04978998633691221
C/C(O)=C(\C(N)=O)C1=NCCCN1,-0.0452071481476225,0.5017329626240004,4.1473047566382055,3,4,13,183.21099999999998,True,False,False,5,DFT,190,True,0.020882926927950636,-0.05490306274082846,0.5030894163898509,4.1657505125311065
CC[C@H](N[C@H](CC)CCO)C1CC1,-2.0193297550359617,-3.629213636298919,-5.47005318978924,2,2,13,185.31099999999998,True,False,False,2,DFT,191,True,0.043487527676806845,-2.00979683754613,-3.5992266570448157,-5.5000710115421105
NC1C[C@@H]2CCC[C@H](C1)N2CCO,-3.1800561529986218,3.72233276694858,-1.4038998568824657,2,3,13,184.283,True,False,False,3,DFT,192,True,0.03243984203231525,-3.168438861122759,3.6929631964628378,-1.411303248675124
COc1cccc2c1C[C@@H](N)CC2,3.665931000082934,2.775526149885957,1.249027894328005,1,2,13,177.24699999999996,True,False,False,2,DFT,193,True,0.06032191757569907,3.7233369737853095,2.7600823582268075,1.2592639688920362
CN(C(=O)c1ccc[nH]1)C1(CO)CC1,1.4379842578006246,0.291779409426722,1.39491902504568,2,2,14,194.23399999999995,True,False,False,4,DFT,194,True,0.028203580807559338,1.4313272554096241,0.2696795657708422,1.4111277634271955
CCCN(CCC(=O)O)CC(=O)O,-0.930553477064176,-4.801407476179384,3.735899983626046,2,3,13,189.21099999999998,True,False,False,5,DFT,195,True,0.03873371921994562,-0.9095411851134176,-4.808208704016927,3.7677202270488657
CC(C)(O)COc1ccccc1C#N,4.329166700536879,-0.06970607891439,-0.9538638968395928,1,3,14,191.23,True,False,False,3,DFT,196,True,0.024896289458751344,4.349081600187807,-0.0700878804028556,-0.9687996334578788
O=C(OCCO)[C@H]1CCCOC1,-3.451047496013573,1.5192789890631877,1.479839422229653,1,4,12,174.19599999999994,True,False,False,4,DFT,197,True,0.0641773013181773,-3.480005204369619,1.5619491490175688,1.441636875446515
CCCCCC(=O)NOC1CCC1,-2.5900316057296244,-2.31635556203624,0.8123918318343619,1,2,13,185.26699999999997,True,False,False,3,DFT,198,True,0.05579371537939462,-2.608750243033931,-2.295303521705106,0.7642320675990272
C=CCCNC(=O)c1cn(C)cn1,1.661907480233041,-2.5558311764146198,1.9736122354630892,1,3,13,179.22299999999996,True,False,False,4,DFT,199,True,0.0724804286803269,1.6042185347410203,-2.5441840656475128,1.9313068821318455
NCC(=O)NCCC1CCCCC1,-4.20893724496001,1.2422135003977477,0.6282665372723977,2,2,13,184.28299999999993,True,False,False,3,DFT,200,True,0.040803141258320304,-4.173148096337932,1.2617175809732228,0.6301702227397453
Cc1cccc(-c2ncc[nH]2)c1,6.667487085355717,2.757648844517419,0.2365169713686413,1,1,12,158.20400000000004,True,False,False,2,DFT,201,True,0.07280926471729994,6.698903297845753,2.7455444062049126,0.1719592979704041
CONC(=O)N[C@@H]1COC(=O)C1,-1.5262328864077508,-0.2821987788877877,3.779225826164469,2,4,12,174.15599999999998,True,False,False,6,DFT,202,True,0.06195218897307796,-1.496802722131461,-0.261727341103541,3.8297516550470543
CCNC(=O)N(C)Cc1nccn1C,1.84100686104065,-1.6780235942408226,0.1505281282954069,1,3,14,196.254,True,False,False,5,DFT,203,True,0.039488814497164494,1.8671773244030359,-1.6525800011026517,0.13545839418996522
CC(C)CN1CCC[C@@H](C)[C@H]1CN,-2.694714715856545,1.7587269150597171,-2.931497768418108,1,2,13,184.32699999999997,True,False,False,2,DFT,204,True,0.05736761200741917,-2.701601213959624,1.796818800057335,-2.973837198606035
CCO[C@@H]1CC[C@H](O)[C@@H]2CCCC[C@@H]12,-3.864753512722825,3.3124972841589315,-0.3675092066410912,1,2,14,198.30599999999995,True,False,False,2,DFT,205,True,0.04285831756922969,-3.872369821480853,3.3241825674283163,-0.4080342776549903
CC(C)OC[C@@H](C)NC1(C)CCC1,-1.434967455823161,-1.7979312472498394,-1.8150606742434456,1,2,13,185.31099999999995,True,False,False,2,DFT,206,True,0.049389948505154796,-1.4562791955315415,-1.8328463798609085,-1.7873819770433326
CC(C)[C@]1(C)CCNC1=O,-0.1409470945067948,0.9428762470000592,0.3193377403291324,1,1,10,141.214,True,False,False,2,DFT,207,True,0.05158863769746435,-0.12161285040727662,0.9869076067024517,0.30066117995686326
C=CC(=O)N[C@H]1CCCOC1,-4.153533320462443,2.063666670704305,2.373367595943036,1,2,11,155.19699999999997,True,False,False,3,DFT,208,True,0.0735259517948469,-4.18614683752821,2.1179269775502787,2.410760686119161
N#Cc1ccc(-c2cnc(CN)[nH]2)cc1,5.207644181341045,1.7681728273764932,-1.241220198958361,2,3,15,198.22899999999998,True,False,False,4,DFT,209,True,0.05277805690752382,5.198888608954953,1.7732634069241113,-1.2930173923475314
CCCNCc1ccn(CC)n1,2.454545467610875,-0.4600365611859354,-3.589796070428313,1,3,12,167.25599999999997,True,False,False,3,DFT,210,True,0.057866282532156324,2.454222348789648,-0.40513132083900943,-3.6080667253362524
C[C@@H](CNC[C@@H](N)C1CC1)C(C)(C)C,-1.4573805232398558,-2.289672067010529,-3.0951058624723307,2,2,14,198.35399999999998,True,False,False,2,DFT,211,True,0.05052552396540126,-1.4968985177883969,-2.3089511425917446,-3.1199950955576146
O=C(O)c1[nH]nc2ccc(CO)cc12,4.524517695662222,1.0913867428660056,2.2913887494917744,3,3,14,192.17399999999998,True,False,False,5,DFT,212,True,0.042927335604007466,4.502778631083336,1.0821130127057623,2.255553471591232
CCCN(C)CCNC(=O)N(C)C,-0.7677899357004303,-4.849774360044381,-1.3084347696203773,1,2,13,187.28699999999998,True,False,False,4,DFT,213,True,0.017348253987782163,-0.7576048018754429,-4.8530629453949015,-1.3220879806633532
Cc1ccc(C(=N)N)nc1,4.205203096572547,1.2746206747858873,1.0957954721539558,2,2,10,135.17000000000004,True,False,False,3,DFT,214,True,0.031049893871362002,4.20644996164679,1.302696120506977,1.0825927987704465
CC[C@@H](COC)NC[C@H](C)CNC,-0.992417948859706,-6.499311137445581,-5.261719536080321,2,3,13,188.315,True,False,False,3,DFT,215,True,0.10201800310043141,-0.9455681243830121,-6.563441989565896,-5.3257507839943266
COC[C@H](CCO)NCC(C)(C)C,-0.5826062397120837,-5.392394154283596,-4.537042955445563,2,3,13,189.29899999999998,True,False,False,3,DFT,216,True,0.07809347137028128,-0.6208888944585508,-5.324625754151443,-4.543404760201457
CC(C)CN(C)C(=O)[C@]12C[C@H]1CCN2,-1.489973943250284,-1.5585130971911263,-0.1609323612980339,1,2,14,196.29399999999995,True,False,False,3,DFT,217,True,0.03508046335734094,-1.504136533532591,-1.5845813644700448,-0.17965415039352672
CC[C@H]1CN[C@H](C)CO1,-2.258402016273789,3.0973955902586017,-0.949150734167756,1,2,9,129.20299999999997,True,False,False,2,DFT,218,True,0.039263437547971035,-2.2540919729776006,3.1080337926051005,-0.9116025024423691
Nc1ccc(N2CCNCC2)nc1,2.2644891489923618,4.354951410557794,-0.0329718573942001,2,4,13,178.239,True,False,False,4,DFT,219,True,0.06816258075325637,2.203296550345934,4.325469954430969,-0.027275627897110313
Cn1cnc(CCCN)n1,2.70111497729915,1.0594296666326006,-2.0005034574302853,1,4,10,140.19,True,False,False,4,DFT,220,True,0.0615922533417959,2.7570366735671348,1.0834731043175307,-1.9911075720264442
c1nn[nH]c1CN1CC[C@@H]2C[C@@H]2C1,-0.2248302524060347,5.202917716806021,-1.3906425560351028,1,3,13,178.239,True,False,False,4,DFT,221,True,0.05665112954904499,-0.1875650693030699,5.1621447767065245,-1.3780638453250158
OC/C=C\CNCCC1CCOCC1,-3.539590819600676,1.2986032218922372,-1.8166731531446232,2,3,14,199.29399999999995,True,False,False,3,DFT,222,True,0.08908770830310096,-3.47219073278797,1.3329086760174893,-1.863758011492062
CC(C)[C@@H](C)C(=O)N[C@@H]1CCCNC1,-3.17818265805431,0.5952071069109349,0.6553925624844192,2,2,14,198.30999999999995,True,False,False,3,DFT,223,True,0.05200739206315816,-3.1424317653135128,0.6317700386093779,0.6459165652776848
CCC[C@@H](C)N1CC[C@@](O)(C2CC2)C1,-2.2545294537082183,-0.0885468850150805,-2.586049184481819,1,2,14,197.32199999999997,True,False,False,2,DFT,224,True,0.045684674570451556,-2.2389652984093793,-0.04756613223576836,-2.59891092861248
CC(C)=CCN(C)[C@H](C)CCO,-0.2714649425374776,-2.932793652005223,-1.4474708977672976,1,2,12,171.284,True,False,False,2,DFT,225,True,0.06240469863029533,-0.21072848458234422,-2.935000334586608,-1.433308989767762
CC1(C(=O)NCCCNC2CC2)CC1,-3.339538194851423,-1.0671964356141772,1.0319280110215516,2,2,14,196.29399999999995,True,False,False,3,DFT,226,True,0.06823177016673102,-3.3506848847197737,-1.0804956953957845,0.9659397131625695
C[C@@](N)(CO)c1cccc(O)c1,3.8338801160476663,0.9779605543407788,-0.2339173443471501,3,3,12,167.20799999999997,True,False,False,3,DFT,227,True,0.07278753194957784,3.8145572288930363,0.9199581617741915,-0.2734189050235557
C[C@@H]1OCC[C@@H]1NCCC(=O)O,-2.909954649696278,0.5674634428203161,1.6862179095754808,2,3,12,173.212,True,False,False,4,DFT,228,True,0.047136972140605644,-2.867679489060634,0.5780163389899224,1.6682362155994328
CC(C)c1ocnc1CN,1.8342996267252225,0.3212380627526731,-1.24501825182246,1,3,10,140.18599999999998,True,False,False,3,DFT,229,True,0.07460668115049388,1.815584457210123,0.3934003894262912,-1.2479333695495118
COC1CC(NC[C@@H](C)C(C)(C)C)C1,-2.097855155042948,-0.641199625217227,-1.2026529167448636,1,2,14,199.33799999999997,True,False,False,2,DFT,230,True,0.03083272296838141,-2.0896471942794337,-0.6583090007123471,-1.178351569952627
O=C(NC[C@@H]1CCOC1)c1cnc[nH]1,-0.8466813645396635,3.0411738675722533,1.167523481108977,2,3,14,195.222,True,False,False,5,DFT,231,True,0.07366626225637747,-0.9002691637287913,3.028722148345389,1.1185334753814162
C=CCCOCC(=O)NC[C@@H](C)O,-1.331578366916741,-6.556303253401785,0.9050491341149683,2,3,13,187.23899999999998,True,False,False,4,DFT,232,True,0.04412133725821603,-1.3688114965167095,-6.566386947884131,0.9264665468259352
C1CCC[C@@H]2OCCN[C@H]2CC1,-4.054576894836396,5.536866619848758,-0.2977408141516335,1,2,12,169.26799999999997,True,False,False,2,DFT,233,True,0.05073556652561456,-4.036568403688307,5.578154447993998,-0.3210883451622859
C1C[C@@H](NC[C@H]2C[C@H]3CC[C@H]2C3)CO1,-5.819201199589596,5.602030159191335,-1.2619529552133522,1,2,14,195.30599999999995,True,False,False,2,DFT,234,True,0.07512266327454596,-5.799674781740652,5.601444957039281,-1.1894147509214723
Cc1cc(O)ncc1[C@H]1CCCN1C,2.776978072934076,3.371931781506256,-0.7088696916396192,1,3,14,192.26199999999994,True,False,False,3,DFT,235,True,0.06577712415251424,2.7124260765654693,3.384321667576734,-0.7113517371193124
CO[C@H](C)C(=O)Nc1cnn(C)c1C,2.564920701193224,-1.334463971233743,0.5702087388801756,1,4,14,197.23799999999997,True,False,False,5,DFT,236,True,0.03448414207165744,2.5937247750300214,-1.3529195806564527,0.5745529149423252
CCn1c(C)cc(C(=O)O)c1C,2.986883353275895,0.1412895182069576,2.3279283896352667,1,2,12,167.20799999999997,True,False,False,3,DFT,237,True,0.08803401404854558,3.055896515909552,0.11810332125607631,2.3774215334407964
C[C@H](NC[C@@H](C)C#N)c1cnccn1,3.90336689790537,-1.2598773313380045,-3.985839819847713,1,4,14,190.25000000000003,True,False,False,4,DFT,238,True,0.09093908813812525,3.9363113991512786,-1.311362926387131,-4.053173400559639
COCC1(N)CCCCC1,-1.3814135606429805,1.0975408560441695,-0.0609786247768772,1,2,10,143.23,True,False,False,2,DFT,239,True,0.025554820335392078,-1.3702720437763571,1.112163100585875,-0.07872983343565536
C[C@H](CC#N)C(=O)N1CC[C@H]1C(=O)O,-1.5933056900097882,-1.1395862438893725,2.5575587119858145,1,3,14,196.206,True,False,False,5,DFT,240,True,0.03767642301509658,-1.5735359154222301,-1.1229581988228805,2.5849845571183963
C=CCCC(C)(C)NC(=O)OCCC,-0.9995710464633072,-5.387519540669188,1.5499531989369528,1,2,14,199.29399999999995,True,False,False,3,DFT,241,True,0.04583331699049499,-1.0057182026147935,-5.400300896371827,1.5935369386113205
CCC(=O)N[C@@H]1C[C@H]1CC(C)(C)C,-2.3976284403405845,-1.3895965412468791,1.7687561383734527,1,1,13,183.29499999999996,True,False,False,2,DFT,242,True,0.07339621117525198,-2.327385749287471,-1.406173469275652,1.7821043077471137
C#CCNC(=O)N(C)C1CCC1,-2.067237576090841,-1.3138300541397872,0.8503456130029338,1,1,12,166.22399999999996,True,False,False,3,DFT,243,True,0.06635823106937165,-2.1064701460611475,-1.2627358588234765,0.8344206800624215
N#CC1CN(C(=O)c2cc[nH]c2)C1,1.3241638232084043,1.555209261477135,1.9870066924557237,1,2,13,175.191,True,False,False,4,DFT,244,True,0.040884925534777315,1.3084176828921006,1.58632605834892,1.965667030940985
CCCC[C@H](CC)Nc1cnn(C)c1,1.775164049014564,-2.4456116262885845,-4.52184132105381,1,3,14,195.31,True,False,False,3,DFT,245,True,0.09996501880591847,1.7340882553362307,-2.4937987068735064,-4.444486363725499
CC(C)CONC(=O)NOC(C)C,-0.8401606376192066,-4.9421821671059085,0.6160508476563464,2,3,13,190.243,True,False,False,5,DFT,246,True,0.026376277722749038,-0.829048379002712,-4.919052881901129,0.6221551003430957
CC(C)[C@H]1CCC[C@@H]1NCCCC#N,-3.226394777436145,-0.8620853663123347,-4.8307118497873205,1,2,14,194.32199999999997,True,False,False,2,DFT,247,True,0.14904585494089045,-3.1095534394205417,-0.8141641818616429,-4.909871995609744
CCCC[C@@H](CC)N[C@@H]1C[C@]1(C)OC,-1.7533215747223974,-3.625813682252431,-3.86600888115715,1,2,14,199.33799999999997,True,False,False,2,DFT,248,True,0.05149432568512067,-1.7911376702487893,-3.657865921538277,-3.8799466877875686
CC[C@H](C#N)NC(=O)[C@H]1C[C@H]1C(=O)O,-2.2645468876609303,-2.8434628174452823,4.177578842580979,2,3,14,196.206,True,False,False,5,DFT,249,True,0.026769999786555226,-2.248921199100025,-2.860915561682279,4.164622281919764
COC(=O)NCCCCC(C)(C)C,-0.6708866194415134,-4.29345576684355,1.3824149311708895,1,2,13,187.283,True,False,False,3,DFT,250,True,0.0224179855530759,-0.6702796408818448,-4.271712871994163,1.3878411800459887
CC(C)C[C@@](C)(N)CC(=O)O,-0.2053710479195696,-2.47656852073053,1.087343624316907,2,2,11,159.229,True,False,False,3,DFT,251,True,0.02633020063031663,-0.1892062631777292,-2.478695627322912,1.1080185999402865
O=Cc1ccccc1-c1nnn[nH]1,5.1879738672746,2.347288588265973,0.7387244316714857,1,4,13,174.16299999999998,True,False,False,5,DFT,252,True,0.008813348628645686,5.192093594991139,2.354486450979475,0.7417066674014724
NC[C@@H]1C[C@@H]1C(=O)NCC(=O)C1CC1,-3.288271848709166,-0.2723164356444097,5.205835506680768,2,3,14,196.24999999999997,True,False,False,4,DFT,253,True,0.0684652541361722,-3.3177710910903477,-0.29992566993501324,5.261107704979311
CC[C@@H]1CCCC[C@H]1NCCCO,-4.331595048395773,1.5486611085801674,-3.066275309340033,2,2,13,185.31099999999998,True,False,False,2,DFT,254,True,0.10967072986059205,-4.241907108574333,1.5812858092379458,-3.012244102193319
NC(=O)C1CC2(CSC2)C1,-1.0042431884134784,0.966167892037397,2.901716528543416,1,2,10,157.23799999999997,True,False,False,2,DFT,255,True,0.04926328702618381,-0.958155808020381,0.9808459852321344,2.9110641698123523
